step,train,valid,trainavg,validavg
1,27.4500012398,30.0000011921,30.0900006294,32.3333334923
2,30.7500004768,30.4166674614,30.0900006294,32.3333334923
3,30.7500004768,33.5416674614,30.0900006294,32.3333334923
4,31.099998951,34.0624988079,30.9100008011,33.1875002384
5,30.4000020027,33.6458325386,30.9800004959,33.8125002384
6,31.5500020981,34.2708349228,31.4200007915,34.2708337307
7,31.099998951,33.5416674614,31.9500005245,34.729167223
8,32.950001955,35.8333349228,32.5900006294,35.0625002384
9,33.7499976158,36.3541662693,33.3800005913,35.4166662693
10,33.6000025272,35.3124976158,34.1000008583,35.7291662693
11,35.5000019073,36.0416650772,34.4600009918,35.6041657925
12,34.7000002861,35.1041674614,34.8100018501,35.4999995232
13,34.7500026226,35.2083325386,34.6100008488,35.8333337307
14,35.5000019073,35.8333349228,34.7699999809,35.8750009537
15,32.5999975204,36.9791686535,34.8899996281,36.2083339691
16,36.2999975681,36.2500011921,35.1799988747,36.1666679382
17,35.2999985218,36.7708325386,35.4599988461,36.1041676998
18,36.1999988556,35.0000023842,36.3399994373,36.291667223
19,36.9000017643,35.5208337307,36.5100002289,36.4999997616
20,37.0000004768,37.9166662693,36.4700007439,36.208332777
21,37.1500015259,37.2916638851,36.1800014973,36.2708318233
22,35.1000010967,35.3124976158,36.4900016785,36.5624988079
23,34.7500026226,35.3124976158,36.400001049,36.0624992847
24,38.4500026703,36.9791686535,36.3600003719,35.8333337307
25,36.5499973297,35.4166686535,36.7599999905,35.9583342075
26,36.9499981403,36.1458361149,37.349998951,36.1875009537
27,37.0999991894,35.9375,36.8699979782,36.020834446
28,37.6999974251,36.4583313465,36.8399989605,36.0833334923
29,36.0499978065,36.1458361149,37.0999991894,36.0208332539
30,36.4000022411,35.7291638851,37.009999752,36.0208332539
31,38.2499992847,35.8333349228,36.6500008106,35.8749997616
32,36.6500020027,35.9375,36.5600013733,35.7291662693
33,35.900002718,35.7291638851,36.6700005531,35.9375
34,35.6000006199,35.4166686535,36.400001049,35.8541667461
35,36.9499981403,36.7708325386,36.7100012302,35.8333337307
36,36.9000017643,35.4166686535,36.5800011158,35.5833339691
37,38.2000029087,35.8333349228,35.8100008965,34.8541665077
38,35.2500021458,34.4791650772,35.1700007915,34.3124997616
39,31.7499995232,31.7708313465,34.7600007057,34.1874992847
40,33.7499976158,34.0624988079,34.3799996376,34.291665554
41,34.8500013351,34.7916662693,34.7799992561,34.8333323002
42,36.2999975681,36.3541662693,35.9899997711,35.7291662693
43,37.2500002384,37.1874988079,36.5299999714,36.25
44,37.8000020981,36.2500011921,36.6499996185,36.5625
45,36.4499986172,36.6666674614,36.8599998951,36.5208339691
46,35.4499995708,36.3541662693,36.7900002003,36.3958346844
47,37.349998951,36.1458361149,36.4800000191,36.4583349228
48,36.9000017643,36.5625023842,36.3700008392,36.3958346844
49,36.2500011921,36.5625023842,36.7800009251,36.3541686535
50,35.900002718,36.3541662693,36.5800011158,36.2083351612
51,37.5,36.1458361149,36.6000008583,35.8541679382
52,36.3499999046,35.4166686535,37.1600008011,35.7916676998
53,37.0000004768,34.7916662693,37.5999999046,35.7916676998
54,39.050000906,36.2500011921,37.2699999809,35.8541667461
55,38.0999982357,36.3541662693,37.3899996281,36.0416662693
56,35.8500003815,36.4583313465,37.120000124,36.4166665077
57,36.9499981403,36.3541662693,36.9200003147,36.6874992847
58,35.6500029564,36.6666674614,36.17000103,36.1249995232
59,38.0500018597,37.6041650772,36.2900006771,35.9791660309
60,34.350001812,33.5416674614,36.5600013733,36.2291657925
61,36.4499986172,35.7291638851,36.9200003147,36.479165554
62,38.3000016212,37.6041650772,37.009999752,36.4583325386
63,37.4499976635,37.9166662693,37.8099989891,37.3958325386
64,38.4999990463,37.5,37.4399995804,37.4374997616
65,38.3499979973,38.2291674614,37.1499991417,37.1041667461
66,34.6000015736,35.9375,37.2200000286,36.9583332539
67,36.8499994278,35.9375,37.1399998665,36.9375002384
68,37.8000020981,37.1874988079,37.1300005913,36.4791667461
69,38.0999982357,37.3958349228,37.879999876,36.4583337307
70,38.3000016212,35.9375,37.7199995518,36.2708342075
71,38.3499979973,35.8333349228,37.6999986172,36.020834446
72,36.0499978065,35.0000023842,37.6599991322,35.6041669846
73,37.6999974251,35.9375,37.7999985218,35.3958332539
74,37.9000008106,35.3124976158,38.0799984932,35.4583334923
75,38.9999985695,34.8958313465,38.6199986935,35.9166657925
76,39.7499978542,36.1458361149,38.9199995995,36.2499988079
77,38.7499988079,37.2916638851,39.129999876,36.2916660309
78,39.200001955,37.6041650772,38.1400001049,35.7291662693
79,38.9500021935,35.5208337307,37.0000004768,35.3541660309
80,34.0499997139,32.0833325386,36.3600003719,35.2916669846
81,34.0499997139,34.2708349228,35.9399998188,35.4166674614
82,35.5499982834,36.9791686535,35.569999218,35.8541679382
83,37.0999991894,38.2291674614,36.3999998569,37.1041679382
84,37.0999991894,37.7083361149,37.0500004292,37.7500009537
85,38.2000029087,38.3333325386,37.3900008202,37.7708339691
86,37.3000025749,37.5,37.380001545,37.4583339691
87,37.2500002384,37.0833337307,36.9600021839,37.1875
88,37.0500028133,36.6666674614,36.850001812,36.7708337307
89,35.0000023842,36.3541662693,37.1600008011,36.3750004768
90,37.650001049,36.2500011921,36.6200006008,35.8333337307
91,38.8499975204,35.5208337307,36.289999485,35.5000007153
92,34.5499992371,34.375,36.139998436,35.041667223
93,35.3999972343,35.0000023842,35.3399980068,34.104167223
94,34.249997139,34.0624988079,34.5399987698,33.4583342075
95,33.6499989033,31.5625011921,34.50999856,33.3333337307
96,34.8500013351,32.2916686535,34.5699989796,33.4375
97,34.399998188,33.7499976158,35.189999342,33.7708330154
98,35.6999993324,35.5208337307,35.6799995899,34.7083330154
99,37.349998951,35.7291638851,35.9599995613,35.5208325386
100,36.1000001431,36.2500011921,36.1899995804,36.0208332539
101,36.2500011921,36.3541662693,36.1099994183,36.0000002384
102,35.5499982834,36.2500011921,35.7299995422,36.1250007153
103,35.2999985218,35.4166686535,35.5999994278,36.0833334923
104,35.4499995708,36.3541662693,35.2999997139,36.0208332539
105,35.4499995708,36.0416650772,35.1900005341,35.9166657925
106,34.7500026226,36.0416650772,35.3900003433,36.2499988079
107,35.0000023842,35.7291638851,35.4400002956,36.0208320618
108,36.2999975681,37.0833337307,35.7700002193,35.9791660309
109,35.6999993324,35.2083325386,36.1699998379,36.1041665077
110,37.0999991894,35.8333349228,36.3899993896,36.1666667461
111,36.7500007153,36.6666674614,36.439999342,35.8124995232
112,36.1000001431,36.0416650772,36.5799999237,35.8541667461
113,36.5499973297,35.3124976158,36.6999995708,35.9791660309
114,36.4000022411,35.4166686535,37.0899999142,35.895832777
115,37.6999974251,36.4583313465,37.0599997044,35.8749997616
116,38.7000024319,36.2500011921,37.1500003338,35.8125007153
117,35.949999094,35.9375,37.3199999332,35.979167223
118,37.0000004768,35.0000023842,37.3500001431,35.8541679382
119,37.2500002384,36.2500011921,37.3099994659,35.7500004768
120,37.8499984741,35.8333349228,37.4599993229,35.9583342075
121,38.4999990463,35.7291638851,37.3299992085,36.4791667461
122,36.6999983788,36.9791686535,36.7599987984,35.895832777
123,36.3499999046,37.6041650772,36.2599992752,35.8333325386
124,34.399998188,33.3333313465,35.5199992657,35.8541667461
125,35.3500008583,35.5208337307,35.8099997044,35.7291662693
126,34.7999989986,35.8333349228,36.3699996471,35.4791665077
127,38.1500005722,36.3541662693,37.009999752,36.3750004768
128,39.1499996185,36.3541662693,37.2899997234,37.0416665077
129,37.5999987125,37.8125011921,37.7100002766,37.458332777
130,36.7500007153,38.8541638851,37.2600007057,37.6249992847
131,36.9000017643,37.9166662693,37.1900010109,37.9374992847
132,35.900002718,37.1874988079,37.1300017834,38.0624985695
133,38.8000011444,37.9166662693,37.5100016594,38.041665554
134,37.3000025749,38.4374976158,38.0600011349,37.9999995232
135,38.6500000954,38.7499988079,38.5500001907,38.2916665077
136,39.6499991417,37.7083361149,38.0999994278,38.1041669846
137,38.3499979973,38.6458337307,38.3499991894,37.7291679382
138,36.5499973297,36.9791686535,38.3599996567,37.3750019073
139,38.5500013828,36.5625023842,38.3399999142,37.2500014305
140,38.7000024319,36.9791686535,37.9700005054,36.5000009537
141,39.5500004292,37.0833337307,38.2400012016,36.0625004768
142,36.5000009537,34.8958313465,38.3700013161,36.2708330154
143,37.9000008106,34.7916662693,38.220000267,36.1249995232
144,39.200001955,37.6041650772,37.990000248,36.166665554
145,37.9499971867,36.2500011921,38.4800004959,36.7499995232
146,38.4000003338,37.2916638851,38.5199999809,37.6041662693
147,38.9500021935,37.8125011921,38.2099997997,37.7499997616
148,38.0999982357,39.0625,37.4100005627,36.833332777
149,37.650001049,38.3333325386,36.8300008774,36.3541662693
150,33.9500010014,31.6666662693,36.8900001049,36.1041665077
151,35.5000019073,34.8958313465,37.0100009441,35.625
152,39.2499983311,36.5625023842,37.3000001907,35.625
153,38.7000024319,36.6666674614,38.6899995804,36.9583332539
154,39.099997282,38.3333325386,39.4799995422,37.6458334923
155,40.8999979496,38.3333325386,38.2899999619,36.9166660309
156,39.4500017166,38.3333325386,37.9999995232,37.0624995232
157,33.3000004292,32.9166650772,37.840000391,36.9166660309
158,37.2500002384,37.3958349228,37.3000013828,36.8124997616
159,38.3000016212,37.6041650772,37.0300006866,36.6458332539
160,38.2000029087,37.8125011921,38.3100008965,37.9375004768
161,38.0999982357,37.5,38.9500010014,37.9166662693
162,39.7000014782,39.3750011921,39.1800010204,37.9791665077
163,40.4500007629,37.2916638851,39.3400001526,38.1874990463
164,39.4500017166,37.9166662693,39.5500004292,38.2083320618
165,38.9999985695,38.8541638851,38.5800004005,36.6249990463
166,39.1499996185,37.6041650772,38.029999733,36.0624992847
167,34.8500013351,31.4583361149,37.3899996281,35.1249992847
168,37.6999974251,34.4791650772,36.9499993324,34.2083334923
169,36.2500011921,33.2291662693,36.1999988556,33.4583342075
170,36.7999970913,34.2708349228,37.00999856,34.3333339691
171,35.3999972343,33.8541686535,36.8699991703,34.4791674614
172,38.8999998569,35.8333349228,37.2499990463,35.041667223
173,37.0000004768,35.2083325386,37.1899998188,35.5208337307
174,38.1500005722,36.0416650772,37.4000000954,36.0625004768
175,36.5000009537,36.6666674614,37.5,36.2083339691
176,36.4499986172,36.5625023842,37.919999361,36.4166676998
177,39.3999993801,36.5625023842,37.7699995041,36.2500011921
178,39.099997282,36.2500011921,37.9299998283,35.666667223
179,37.4000012875,35.2083325386,38.2299995422,35.5208337307
180,37.3000025749,33.7499976158,38.069999218,35.1666665077
181,37.9499971867,35.8333349228,37.7100002766,34.8333334923
182,38.5999977589,34.7916662693,37.4100005627,34.7500002384
183,37.3000025749,34.5833361149,37.3500001431,35.0625002384
184,35.900002718,34.7916662693,37.1400010586,35.0833332539
185,37.0000004768,35.3124976158,35.9100019932,35.041667223
186,36.9000017643,35.9375,35.6600010395,35.354167223
187,32.4500024319,34.5833361149,35.8600008488,35.3333342075
188,36.0499978065,36.1458361149,36.060000658,35.395834446
189,36.9000017643,34.6875011921,35.9899997711,35.395834446
190,37.9999995232,35.6249988079,36.8699991703,35.395834446
191,36.5499973297,35.9375,36.819999218,35.395834446
192,36.8499994278,34.5833361149,36.9599986076,35.6458342075
193,35.799998045,36.1458361149,36.899998188,35.2500009537
194,37.5999987125,35.9375,37.1699988842,34.6666681767
195,37.6999974251,33.6458325386,37.2499990463,34.7083342075
196,37.9000008106,33.0208361149,37.7499997616,34.5833337307
197,37.2500002384,34.7916662693,37.6199996471,34.6041667461
198,38.3000016212,35.5208337307,37.6199996471,34.9791669846
199,36.9499981403,36.0416650772,37.4699997902,35.4374992847
200,37.6999974251,35.5208337307,37.3299992085,35.3749990463
201,37.1500015259,35.3124976158,37.3199987411,35.4166650772
202,36.5499973297,34.4791650772,37.5499987602,35.2083325386
203,38.2499992847,35.7291638851,37.9899990559,35.1666653156
204,38.0999982357,35.0000023842,38.4999990463,35.2083325386
205,39.8999989033,35.3124976158,38.9499998093,35.3958332539
206,39.7000014782,35.5208337307,39.1900002956,35.5208337307
207,38.8000011444,35.4166686535,39.5400011539,35.5416667461
208,39.4500017166,36.3541662693,39.0000009537,35.4375004768
209,39.8500025272,35.1041674614,38.6200010777,35.3750002384
210,37.1999979019,34.7916662693,38.3700013161,35.3125
211,37.8000020981,35.2083325386,38.0800008774,35.1041662693
212,37.5500023365,35.1041674614,37.9700005054,35.2499997616
213,37.9999995232,35.3124976158,38.5900008678,35.4999995232
214,39.3000006676,35.8333349228,38.7400007248,35.6041657925
215,40.2999997139,36.0416650772,38.8600003719,35.9374988079
216,38.5500013828,35.7291638851,38.6900007725,36.2499988079
217,38.1500005722,36.7708325386,38.7500011921,36.0208320618
218,37.1500015259,36.8749976158,38.5000014305,35.9999990463
219,39.6000027657,34.6875011921,38.2500016689,35.9999990463
220,39.050000906,35.9375,38.2300019264,35.895832777
221,37.3000025749,35.7291638851,38.9300012589,35.5208337307
222,38.0500018597,36.2500011921,38.5900008678,35.3958332539
223,40.649998188,35.0000023842,38.7500011921,35.2291667461
224,37.9000008106,34.0624988079,39.1200006008,34.9166667461
225,39.8500025272,35.1041674614,39.0600001812,34.9374997616
226,39.1499996185,34.1666638851,38.8400006294,35.0208330154
227,37.7499997616,36.3541662693,39.3200004101,35.4166662693
228,39.5500004292,35.4166686535,39.3200004101,35.3958332539
229,40.2999997139,36.0416650772,39.5200002193,35.5416667461
230,39.8500025272,35.0000023842,39.5899999142,35.354167223
231,40.1499986649,34.8958313465,39.6000003815,35.354167223
232,38.0999982357,35.4166686535,39.1400003433,35.2916669846
233,39.6000027657,35.4166686535,39.240000248,35.4791665077
234,37.9999995232,35.7291638851,38.8900005817,35.8958339691
235,40.3500020504,35.9375,39.0800011158,36.25
236,38.4000003338,36.9791686535,39.0800011158,36.4791667461
237,39.050000906,37.1874988079,39.4900012016,36.4791667461
238,39.6000027657,36.5625023842,39.0100002289,36.5625
239,40.0499999523,35.7291638851,39.2900002003,36.6874992847
240,37.9499971867,36.3541662693,39.3900001049,36.5416657925
241,39.8000001907,37.6041650772,39.129999876,36.4999985695
242,39.5500004292,36.4583313465,39.240000248,36.833332777
243,38.3000016212,36.3541662693,39.6300005913,36.9999992847
244,40.600001812,37.3958349228,39.6300005913,36.8958330154
245,39.8999989033,37.1874988079,39.5600008965,36.6875004768
246,39.8000001907,37.0833337307,38.8300001621,35.979167223
247,39.200001955,35.4166686535,38.220000267,35.0833332539
248,34.6499979496,32.8125,36.7300009727,34.5000004768
249,37.5500023365,32.9166650772,36.3700008392,34.2291665077
250,32.4500024319,34.2708349228,36.2400007248,34.1874992847
251,37.9999995232,35.7291638851,36.7800009251,34.8333323002
252,38.5500013828,35.2083325386,36.970000267,35.1874995232
253,37.349998951,36.0416650772,38.1999993324,35.5624997616
254,38.4999990463,34.6875011921,37.9299998283,35.5833339691
255,38.5999977589,36.1458361149,37.9999995232,35.8125007153
256,36.6500020027,35.8333349228,38.2700002193,35.8333349228
257,38.8999998569,36.3541662693,38.4800004959,36.5416681767
258,38.7000024319,36.1458361149,38.8700008392,36.7083346844
259,39.5500004292,38.2291674614,39.4000005722,37.1041679382
260,40.5499994755,36.9791686535,39.6000003815,37.4375009537
261,39.3000006676,37.8125011921,39.5200002193,37.6041674614
262,39.8999989033,38.0208313465,39.5899999142,37.5208342075
263,38.3000016212,36.9791686535,39.3299996853,37.5
264,39.8999989033,37.8125011921,39.129999876,37.3333334923
265,39.2499983311,36.8749976158,38.7000000477,37.3958337307
266,38.3000016212,36.9791686535,39.0799999237,37.6041662693
267,37.7499997616,38.3333325386,38.8699996471,37.8541660309
268,40.2000010014,38.0208313465,38.5099995136,37.9999995232
269,38.8499975204,39.0625,38.8399994373,38.1249988079
270,37.4499976635,37.6041650772,39.1799998283,37.8333318233
271,39.9500012398,37.6041650772,39.6499991417,37.458332777
272,39.4500017166,36.8749976158,39.6099996567,37.0624995232
273,42.5499975681,36.1458361149,38.6800003052,35.6666660309
274,38.6500000954,37.0833337307,37.879999876,34.4999992847
275,32.800000906,30.6249976158,37.6099991798,33.8333332539
276,35.949999094,31.7708313465,36.7100000381,33.2916665077
277,38.0999982357,33.5416674614,36.6499996185,32.8125
278,38.0500018597,33.4375023842,37.6199996471,33.8125002384
279,38.3499979973,34.6875011921,38.1700003147,34.5000004768
280,37.650001049,35.6249988079,38.1300008297,34.729167223
281,38.7000024319,35.2083325386,38.2500004768,35.1666665077
282,37.9000008106,34.6875011921,38.3900010586,35.3541660309
283,38.6500000954,35.6249988079,38.5100007057,35.4166662693
284,39.050000906,35.6249988079,38.6699998379,35.625
285,38.2499992847,35.9375,38.7999999523,36.0833334923
286,39.4999980927,36.2500011921,38.8899993896,36.2708342075
287,38.5500013828,36.9791686535,38.6899995804,36.4166676998
288,39.099997282,36.5625023842,38.8599991798,36.4791679382
289,38.0500018597,36.3541662693,38.6899995804,36.604167223
290,39.099997282,36.2500011921,38.8999998569,36.5833330154
291,38.6500000954,36.8749976158,39.2700004578,36.9791662693
292,39.6000027657,36.8749976158,39.7800004482,37.2916662693
293,40.9500002861,38.5416686535,40.260001421,37.5416660309,,,30.0900006294,32.3333334923
294,40.600001812,37.9166662693,40.4000008106,37.8125
295,41.5000021458,37.5,40.6200003624,38.3541667461
296,39.3499970436,38.2291674614,40.2799999714,38.2708334923
297,40.7000005245,39.5833313465,40.0499999523,38.5208332539
298,39.2499983311,38.1250023842,39.849998951,38.7916660309
299,39.4500017166,39.1666650772,39.9199998379,38.8958323002
300,40.499997139,38.8541638851,38.2799994946,37.104165554
301,39.7000014782,38.7499988079,37.5600004196,36.1041653156
302,32.4999988079,30.6249976158,37.120000124,35.5208325386
303,35.6500029564,33.1250011921,36.6100001335,35.1249992847
304,37.2500002384,36.2500011921,35.8500003815,34.7083330154
305,37.9499971867,36.8749976158,36.7900002003,35.979167223
306,35.900002718,36.6666674614,37.5,36.7291665077
307,37.1999979019,36.9791686535,38.220000267,37.0416665077
308,39.200001955,36.8749976158,36.8400013447,35.5416667461
309,40.8500015736,37.8125011921,36.7600011826,34.9374997616
310,31.0500025749,29.3749988079,36.4500021935,34.5416665077
311,35.5000019073,33.6458325386,35.4800021648,34.0833342075
312,35.6500029564,35.0000023842,34.5100021362,33.5625004768
313,34.350001812,34.5833361149,35.3000020981,34.7500002384
314,36.0000014305,35.2083325386,35.4100012779,34.9583339691
315,35.0000023842,35.3124976158,35.4800009727,35
316,36.0499978065,34.6875011921,36.0100007057,35.1458323002
317,36.0000014305,35.2083325386,36.1800003052,34.9374985695
318,37.0000004768,35.3124976158,36.4300000668,34.958332777
319,36.8499994278,34.1666638851,36.5400004387,35.1041662693
320,36.2500011921,35.4166686535,36.9599997997,35.4583334923
321,36.5999996662,35.4166686535,37.1299993992,35.7291674614
322,38.0999982357,36.9791686535,37.0599997044,36.0833346844
323,37.8499984741,36.6666674614,37.3299992085,36.2708342075
324,36.5000009537,35.9375,37.0799994469,36.4166676998
325,37.5999987125,36.3541662693,36.6999995708,36.1875009537
326,35.3500008583,36.1458361149,36.5400004387,36.020834446
327,36.1999988556,35.8333349228,36.9000005722,35.9166681767
328,37.0500028133,35.8333349228,36.8500006199,35.7291686535
329,38.3000016212,35.4166686535,37.0700001717,35.6250011921
330,37.349998951,35.4166686535,37.3300004005,35.4375004768
331,36.4499986172,35.6249988079,37.7699995041,35.3750002384
332,37.5,34.8958313465,37.729998827,35.2291667461
333,39.2499983311,35.5208337307,37.8299987316,35.1666665077
334,38.0999982357,34.6875011921,37.8199994564,35.041667223
335,37.8499984741,35.1041674614,37.9600000381,35.2708339691
336,36.4000022411,35.0000023842,37.6499998569,35.3333342075
337,38.2000029087,36.0416650772,37.7100002766,35.5833339691
338,37.6999974251,35.8333349228,37.6800000668,35.5625009537
339,38.4000003338,35.9375,37.9499995708,35.4583334923
340,37.6999974251,35.0000023842,38.3299994469,35.4791676998
341,37.7499997616,34.4791650772,38.4500002861,35.4583334923
342,40.1000022888,36.1458361149,38.6100006104,35.4375004768
343,38.3000016212,35.7291638851,38.9200007915,35.7291662693
344,39.200001955,35.8333349228,39.050000906,35.9583330154
345,39.2499983311,36.4583313465,38.9500010014,35.6458330154
346,38.4000003338,35.6249988079,38.9700007439,35.8333337307
347,39.6000027657,34.5833361149,38.6500000954,35.8124995232
348,38.4000003338,36.6666674614,38.7000000477,35.6458330154
349,37.5999987125,35.7291638851,38.8699996471,35.8124995232
350,39.4999980927,35.6249988079,38.599998951,35.9374988079
351,39.2499983311,36.4583313465,38.5199987888,35.8124983311
352,38.2499992847,35.2083325386,38.6399996281,35.854165554
353,37.9999995232,36.0416650772,38.8100004196,36.0208320618
354,38.2000029087,35.9375,38.7800002098,35.9999990463
355,40.3500020504,36.4583313465,39.2599999905,36.208332777
356,39.099997282,36.3541662693,39.4900000095,36.25
357,40.649998188,36.2500011921,39.8899996281,36.2708330154
358,39.1499996185,36.2500011921,39.8899996281,36.2291669846
359,40.2000010014,36.0416650772,40.1800000668,36.2291669846
360,40.3500020504,36.2500011921,40.2000010014,36.3750004768
361,40.5499994755,36.3541662693,40.49000144,36.3750004768
362,40.750002861,36.9791686535,40.260001421,36.5833342075
363,40.600001812,36.2500011921,40.0800013542,36.7708337307
364,39.050000906,37.0833337307,40.3700017929,37.0625007153
365,39.4500017166,37.1874988079,40.0400006771,36.9583332539
366,42.0000016689,37.8125011921,39.9100005627,37.0208334923
367,39.099997282,36.4583313465,40.1100003719,37.2708332539
368,39.9500012398,36.5625023842,40.3299999237,37.2083330154
369,40.0499999523,38.3333325386,39.8599994183,36.9583332539
370,40.5499994755,36.8749976158,40.0999999046,37.229167223
371,39.6499991417,36.5625023842,40.189999342,37.0624995232
372,40.2999997139,37.8125011921,40.229998827,36.8541657925
373,40.3999984264,35.7291638851,40.4499983788,37.0833325386
374,40.2499973774,37.2916638851,40.2199983597,36.9166648388
375,41.6499972343,38.0208313465,40.0099980831,36.5833318233
376,38.4999990463,35.7291638851,40.0499987602,36.6666662693
377,39.2499983311,36.1458361149,40.4799997807,36.6458332539
378,40.600001812,36.1458361149,39.620000124,35.4583334923
379,42.4000024796,37.1874988079,38.8400006294,34.8958337307
380,37.349998951,32.0833325386,38.4700012207,34.375
381,34.6000015736,32.9166650772,38.3800005913,33.9999997616
382,37.4000012875,33.5416674614,37.7100002766,33.6874997616
383,40.1499986649,34.2708349228,38.4300005436,34.5208334923
384,39.050000906,35.6249988079,39.9300003052,35.1250004768
385,40.9500002861,36.2500011921,40.830000639,35.6041669846
386,42.1000003815,35.9375,41.0300004482,36.0416662693
387,41.9000029564,35.9375,41.2900006771,36.0208332539
388,41.1499977112,36.4583313465,41.2900006771,36.3125002384
389,40.3500020504,35.5208337307,41.1100006104,36.291667223
390,40.9500002861,37.7083361149,41.1600005627,36.0625004768
391,41.2000000477,35.8333349228,40.9100008011,36.1458337307
392,42.150002718,34.7916662693,40.6599998474,36.3541674614
393,39.8999989033,36.8749976158,40.6700003147,36.2083339691
394,39.099997282,36.5625023842,40.4100000858,36.4375007153
395,41.0000026226,36.9791686535,40.2099990845,36.8125009537
396,39.8999989033,36.9791686535,40.6399989128,36.6041684151
397,41.1499977112,36.6666674614,41.1199998856,36.6875016689
398,42.049998045,35.8333349228,41.3199996948,36.4791679382
399,41.5000021458,36.9791686535,41.5199995041,36.4375007153
400,42.0000016689,35.9375,41.289999485,36.5833342075
401,40.8999979496,36.7708325386,41.3300001621,36.7500007153
402,39.9999976158,37.3958349228,41.0699999332,36.7916667461
403,42.2500014305,36.6666674614,40.6999993324,36.8124997616
404,40.2000010014,37.1874988079,40.8499991894,36.6250002384
405,40.1499986649,36.0416650772,41.1500000954,36.5833330154
406,41.6499972343,35.8333349228,40.909999609,36.6458332539
407,41.5000021458,37.1874988079,40.8699989319,36.5416669846
408,41.0499989986,36.9791686535,40.8499991894,36.9375002384
409,39.9999976158,36.6666674614,40.6199991703,37.4374997616
410,40.0499999523,38.0208313465,40.75999856,37.2500002384
411,40.499997139,38.3333325386,40.6599986553,37.3124992847
412,42.199999094,36.2500011921,40.6299996376,37.145832777
413,40.5499994755,37.2916638851,40.7799994946,36.9583332539
414,39.8500025272,35.8333349228,40.8099997044,36.4999997616
415,40.7999992371,37.0833337307,40.8399999142,36.6041660309
416,40.649998188,36.0416650772,40.7799994946,36.3333332539
417,42.3500001431,36.7708325386,40.3899991512,36.4374995232
418,40.2499973774,35.9375,40.6599998474,36.4166665077
419,37.9000008106,36.3541662693,40.8399999142,36.916667223
420,42.150002718,36.9791686535,40.720000267,37.0416676998
421,41.5499985218,38.5416686535,40.830000639,37.1458339691
422,41.7500019073,37.3958349228,41.3600003719,37.4583339691
423,40.7999992371,36.4583313465,41.2999999523,37.4791669846
424,40.5499994755,37.9166662693,40.9600007534,36.9166660309
425,41.8500006199,37.0833337307,40.8100008965,36.6249990463
426,39.8500025272,35.7291638851,40.7400012016,36.6041660309
427,41.0000026226,35.9375,40.600001812,36.3333332539
428,40.4500007629,36.3541662693,40.5400013924,36.3125002384
429,39.8500025272,36.5625023842,41.0000014305,36.4375007153
430,41.5499985218,36.9791686535,41.060000658,36.6875004768
431,42.150002718,36.3541662693,41.5000009537,36.875
432,41.2999987602,37.1874988079,41.740000248,37.145832777
433,42.6500022411,37.2916638851,41.1600005627,37.145832777
434,41.0499989986,37.9166662693,40.7000005245,37.0624995232
435,38.6500000954,36.9791686535,40.640001297,36.7499995232
436,39.8500025272,35.9375,40.4200005531,36.875
437,41.0000026226,35.6249988079,40.5900013447,36.7708337307
438,41.5499985218,37.9166662693,41.3100016117,36.6875004768
439,41.9000029564,37.3958349228,39.8600006104,35.5208337307
440,42.2500014305,36.5625023842,39.0700006485,34.4375002384
441,32.5999975204,30.1041662693,38.2600009441,33.1041669846
442,37.0500028133,30.2083313465,37.4800002575,32.0833337307
443,37.5,31.25,36.6600000858,31.6875004768
444,37.9999995232,32.2916686535,37.9000008106,32.7500009537
445,38.1500005722,34.5833361149,38.0099999905,33.833334446
446,38.8000011444,35.4166686535,38.4399998188,34.8541676998
447,37.5999987125,35.6249988079,39.1199994087,36.0000002384
448,39.6499991417,36.3541662693,39.3899989128,36.6874992847
449,41.3999974728,38.0208313465,39.7899985313,36.9374990463
450,39.4999980927,38.0208313465,40.5199992657,37.2499990463
451,40.7999992371,36.6666674614,40.5399990082,37.5208330154
452,41.2500023842,37.1874988079,40.5799996853,37.541667223
453,39.7499978542,37.7083361149,40.7099997997,37.5208342075
454,41.6000008583,38.1250023842,40.9399998188,37.7708339691
455,40.1499986649,37.9166662693,40.8799993992,37.8750014305
456,41.9499993324,37.9166662693,41.1800003052,38.1041669846
457,40.9500002861,37.7083361149,41.0199999809,38.125
458,41.2500023842,38.8541638851,41.4800000191,38.1875002384
459,40.7999992371,38.2291674614,41.3100004196,38.0208337307
460,42.4499988556,38.2291674614,41.0699999332,37.770832777
461,41.1000013351,37.0833337307,41.2299990654,37.1875
462,39.7499978542,36.4583313465,41.3599991798,36.4791667461
463,42.049998045,35.9375,40.9399998188,35.8749997616
464,41.4499998093,34.6875011921,40.8999991417,35.583332777
465,40.3500020504,35.2083325386,41.2699997425,35.5208337307
466,40.8999979496,35.6249988079,41.3100004196,35.3750002384
467,41.6000008583,36.1458361149,41.2800002098,35.5624997616
468,42.2500014305,35.2083325386,41.4600002766,35.6458330154
469,41.2999987602,35.6249988079,41.4500010014,35.7500004768
470,41.2500023842,35.6249988079,41.4500010014,35.3333330154
471,40.8500015736,36.1458361149,41.210000515,35.4583334923
472,41.6000008583,34.0624988079,41.1500012875,35.7083332539
473,41.0499989986,35.8333349228,40.4800009727,35.8125007153
474,41.0000026226,36.8749976158,40.2800011635,35.7708334923
475,37.9000008106,36.1458361149,39.9300014973,36.1666667461
476,39.8500025272,35.9375,40.2000021935,36.4166665077
477,39.8500025272,36.0416650772,40.1500022411,36.6875004768
478,42.4000024796,37.0833337307,40.8500015736,36.7916667461
479,40.750002861,38.2291674614,41.0700011253,37.2708332539
480,41.3999974728,36.6666674614,41.3900005817,37.8750002384
481,40.9500002861,38.3333325386,41.4499998093,38.2916665077
482,41.4499998093,39.0625,41.779999733,38.1875002384
483,42.6999986172,39.1666650772,41.9000005722,38.479167223
484,42.4000024796,37.7083361149,41.9900000095,38.4583342075
485,42.0000016689,38.1250023842,42.3500001431,38.479167223
486,41.3999974728,38.2291674614,42.2400009632,38.3958339691
487,43.2500004768,39.1666650772,42.4500000477,38.5625004768
488,42.150002718,38.7499988079,41.9799995422,38.6249995232
489,43.4499979019,38.5416686535,41.8900001049,38.8958323002
490,39.6499991417,38.4374976158,41.4199995995,39.0416657925
491,40.9500002861,39.5833313465,41.5099990368,39.4583332539
492,40.8999979496,39.8958325386,41.4299988747,39.7291660309
493,42.5999999046,40.8333361149,42.239998579,40.1666665077
494,43.0499970913,39.8958325386,42.5399982929,40.1666665077
495,43.6999976635,40.625,42.3299992085,39.416667223
496,42.4499988556,39.5833313465,42.349998951,38.7708330154
497,39.8500025272,36.1458361149,42.3399996758,38.6666667461
498,42.6999986172,37.6041650772,42.2000002861,38.5208332539
499,43.0000007153,39.3750011921,42.3500001431,38.6041665077
500,43.0000007153,39.8958325386,42.7099990845,39.2291665077
501,43.1999981403,39.9999976158,42.5199997425,39.7500002384
502,41.6499972343,39.2708361149,42.0199990273,39.7083330154
503,41.7500019073,40.2083337307,41.9299983978,39.7500002384
504,40.499997139,39.1666650772,41.6299986839,39.8750007153
505,42.5499975681,40.1041686535,39.2599987984,37.8333330154
506,41.6999995708,40.625,37.4099981785,35.5208325386
507,29.7999978065,29.0624976158,35.8099985123,33.75
508,32.4999988079,28.6458313465,34.1499984264,31.6874992847
509,32.4999988079,30.3125023842,32.619998455,30.0208330154
510,34.249997139,29.7916650772,33.789999485,30.7083332539
511,34.0499997139,32.2916686535,34.4999992847,31.7500007153
512,35.6500029564,32.4999988079,35.4100000858,32.2916674614
513,36.0499978065,33.8541686535,35.8800005913,33.0625009537
514,37.0500028133,33.0208361149,36.3300001621,33.4375
515,36.5999996662,33.6458325386,36.819999218,33.8125002384
516,36.2999975681,34.1666638851,37.2699999809,33.8541662693
517,38.0999982357,34.375,37.3999989033,34.1666662693
518,38.3000016212,34.0624988079,37.3599994183,34.2916667461
519,37.6999974251,34.5833361149,37.6399993896,34.416667223
520,36.4000022411,34.2708349228,37.9999995232,34.7083342075
521,37.6999974251,34.7916662693,38.2099986076,35.1458346844
522,39.8999989033,35.8333349228,38.5099995136,35.9375011921
523,39.3499970436,36.2500011921,38.9199995995,36.3958346844
524,39.200001955,38.5416686535,39.1600000858,37.0000016689
525,38.4500026703,36.5625023842,38.7999999523,36.6666674614
526,38.8999998569,37.8125011921,38.4100008011,36.3541674614
527,38.0999982357,34.1666638851,38.1300008297,35.8541667461
528,37.4000012875,34.6875011921,37.9100000858,36.0624992847
529,37.8000020981,36.0416650772,37.7199995518,35.9166657925
530,37.349998951,37.6041650772,37.9699993134,36.3541662693
531,37.9499971867,37.0833337307,38.0099987984,36.6874992847
532,39.3499970436,36.3541662693,38.0299985409,36.833332777
533,37.5999987125,36.3541662693,38.2199990749,36.7083334923
534,37.9000008106,36.7708325386,38.5699999332,36.5416669846
535,38.3000016212,36.9791686535,38.6600005627,36.6666674614
536,39.7000014782,36.2500011921,38.8600003719,36.8958342075
537,39.8000001907,36.9791686535,39.509999752,36.7500007153
538,38.5999977589,37.5,39.6499991417,36.8124997616
539,41.1499977112,36.0416650772,39.8099982738,36.8124997616
540,38.9999985695,37.2916638851,39.9899983406,36.791665554
541,40.499997139,36.2500011921,40.6499993801,36.6666650772
542,40.7000005245,36.8749976158,40.2399992943,36.8124985695
543,41.9000029564,36.8749976158,40.5099999905,36.9583320618
544,39.099997282,36.7708325386,40.5000007153,36.9374990463
545,40.3500020504,38.0208313465,40.2300000191,36.8124997616
546,40.4500007629,36.1458361149,39.9099993706,36.8958330154
547,39.3499970436,36.2500011921,40.3600001335,36.7291665077
548,40.2999997139,37.2916638851,40.5900001526,36.4375007153
549,41.3500010967,35.9375,40.2999997139,36.4791667461
550,41.5000021458,36.5625023842,40.490000248,36.5625
551,38.9999985695,36.3541662693,40.6400001049,36.4583337307
552,40.2999997139,36.6666674614,40.5599999428,36.7500007153
553,41.0499989986,36.7708325386,40.4999995232,36.8333339691
554,40.9500002861,37.3958349228,40.9899997711,37.1041679382
555,41.2000000477,36.9791686535,40.7299995422,37.3541676998
556,41.4499998093,37.7083361149,40.6400001049,37.5208342075
557,38.9999985695,37.9166662693,40.8899998665,37.583334446
558,40.600001812,37.6041650772,40.3100001812,37.854167223
559,42.199999094,37.7083361149,40.1800000668,37.6666665077
560,38.3000016212,38.3333325386,40.4400002956,37.6666665077
561,40.7999992371,36.7708325386,40.379999876,37.5208330154
562,40.2999997139,37.9166662693,40,37.6666653156
563,40.2999997139,36.8749976158,41.0500001907,37.5833320618
564,40.2999997139,38.4374976158,40.8899998665,37.8333318233
565,43.5500025749,37.9166662693,40.9800004959,37.729165554
566,39.9999976158,38.0208313465,40.4700005054,37.3124992847
567,40.750002861,37.3958349228,39.5600008965,35.8124995232
568,37.7499997616,34.7916662693,38.3200001717,34.7291660309
569,35.7500016689,30.9374988079,37.8500008583,33.7291669846
570,37.349998951,32.4999988079,37.460000515,33.0624997616
571,37.650001049,33.0208361149,37.8800010681,33.1875002384
572,38.8000011444,34.0624988079,39.090000391,33.9166676998
573,39.8500025272,35.4166686535,39.6600008011,34.4166684151
574,41.7999982834,34.5833361149,40.1800000668,34.9166679382
575,40.2000010014,35.0000023842,40.4600000381,35.6041681767
576,40.2499973774,35.5208337307,40.3899991512,35.8958339691
577,40.2000010014,37.5,39.9500000477,36.2708330154
578,39.4999980927,36.8749976158,40.3299999237,36.4999997616
579,39.6000027657,36.4583313465,40.4100000858,36.6041660309
580,42.1000003815,36.1458361149,40.2900004387,36.479165554
581,40.649998188,36.0416650772,39.9500012398,36.2499988079
582,39.6000027657,36.8749976158,40.1200008392,36.166665554
583,37.8000020981,35.7291638851,39.6900010109,36.0624980927
584,40.4500007629,36.0416650772,39.6100008488,36.1041653156
585,39.9500012398,35.6249988079,40.0999999046,35.9374988079
586,40.2499973774,36.2500011921,40.7899999619,35.9999990463
587,42.049998045,36.0416650772,40.569999218,36.1874997616
588,41.2500023842,36.0416650772,40.9099984169,36.3125002384
589,39.3499970436,36.9791686535,40.6999993324,36.3541662693
590,41.6499972343,36.2500011921,40.4999995232,36.4791667461
591,39.200001955,36.4583313465,40.3999996185,36.6666674614
592,41.0499989986,36.6666674614,41.2800002098,36.4791667461
593,40.750002861,36.9791686535,41.3700008392,36.3541662693
594,43.75,36.0416650772,41.8400001526,36.3958334923
595,42.1000003815,35.6249988079,42.1100008488,36.2291669846
596,41.5499985218,36.6666674614,42.1000003815,36.1666667461
597,42.4000024796,35.8333349228,41.6500008106,36.0833334923
598,40.7000005245,36.6666674614,41.3500010967,36.1041665077
599,41.5000021458,35.6249988079,41.17000103,35.8749997616
600,40.600001812,35.7291638851,40.9800004959,35.9583330154
601,40.649998188,35.5208337307,41.0000002384,35.7291662693
602,41.4499998093,36.2500011921,41.0599994659,35.7291662693
603,40.7999992371,35.5208337307,41.479998827,35.8125007153
604,41.7999982834,35.6249988079,41.5899991989,35.8958339691
605,42.6999986172,36.1458361149,41.779999733,36.0416674614
606,41.2000000477,35.9375,41.9599997997,36.333334446
607,42.4000024796,36.9791686535,42.0200002193,36.2083351612
608,41.6999995708,36.9791686535,41.8600010872,36.0833346844
609,42.1000003815,35.0000023842,42.0700013638,36.1041676998
610,41.9000029564,35.5208337307,41.8300008774,36.3125002384
611,42.2500014305,36.0416650772,41.9100010395,36.4999997616
612,41.2000000477,38.0208313465,41.7300009727,37.0416665077
613,42.1000003815,37.9166662693,41.9900000095,37.4166667461
614,41.2000000477,37.7083361149,42.2299993038,37.5625002384
615,43.1999981403,37.3958349228,42.4399995804,37.3125004768
616,43.4499979019,36.7708325386,42.3599994183,37.3958337307
617,42.2500014305,36.7708325386,42.1799993515,37.3541665077
618,41.6999995708,38.3333325386,41.8900001049,37.458332777
619,40.2999997139,37.5,41.4200007915,37.6666665077
620,41.7500019073,37.9166662693,41.3100004196,37.6874995232
621,41.1000013351,37.8125011921,41.6700005531,37.7083325386
622,41.6999995708,36.8749976158,42.2200000286,37.7499997616
623,43.5000002384,38.4374976158,42.2899997234,37.6458334923
624,43.0499970913,37.7083361149,42.6099991798,37.5833332539
625,42.1000003815,37.3958349228,42.7699995041,37.9166674614
626,42.6999986172,37.5,42.5699996948,37.8125011921
627,42.5000011921,38.5416686535,42.6700007915,38.1875002384
628,42.5000011921,37.9166662693,42.6300013065,38.6249995232
629,43.5500025749,39.5833313465,42.2100019455,38.9374995232
630,41.9000029564,39.5833313465,42.0000016689,39.1458320618
631,40.600001812,39.0625,42.0000016689,39.4374990463
632,41.4499998093,39.5833313465,41.8400013447,39.3124997616
633,42.5000011921,39.3750011921,41.5300011635,39.3333339691
634,42.7500009537,38.9583349228,42.2200012207,39.2916667461
635,40.3500020504,39.6875023842,42.270001173,39.104167223
636,44.0500020981,38.8541638851,42.2600007057,39.0208339691
637,41.6999995708,38.6458337307,42.2900009155,39.1250002384
638,42.4499988556,38.9583349228,43.0599999428,38.9999997616
639,42.9000020027,39.4791662693,42.3599994183,39.0208339691
640,44.1999971867,39.0625,42.4899995327,38.791667223
641,40.5499994755,38.9583349228,42.879999876,38.791667223
642,42.3500001431,37.5,42.9899990559,38.520834446
643,44.4000005722,38.9583349228,42.4199998379,38.0833339691
644,43.4499979019,38.1250023842,43.0799996853,37.9583334923
645,41.3500010967,36.8749976158,43.1900000572,38.3749997616
646,43.8499987125,38.3333325386,42.8499996662,38.3749997616
647,42.9000020027,39.5833313465,43.1000006199,38.5624992847
648,42.6999986172,38.9583349228,43.8700008392,39.2916667461
649,44.7000026703,39.0625,43.9100015163,39.6458339691
650,45.2000021935,40.5208349228,43.9900016785,39.729167223
651,44.0500020981,40.1041686535,44.3300020695,40
652,43.3000028133,39.9999976158,44.0900015831,40.1666665077
653,44.4000005722,40.3124988079,42.4700009823,39.2291665077
654,43.5000002384,39.8958325386,41.6900002956,38.9374995232
655,37.0999991894,35.8333349228,40.9200000763,38.479167223
656,40.1499986649,38.6458337307,40.379999876,38.1458342075
657,39.4500017166,37.7083361149,39.8699998856,37.2083342075
658,41.6999995708,38.6458337307,40.8500003815,37.6666676998
659,40.9500002861,35.2083325386,41.400001049,37.6250004768
660,42.0000016689,38.1250023842,41.8700003624,37.6041662693
661,42.9000020027,38.4374976158,41.3800001144,37.1041667461
662,41.7999982834,37.6041650772,41.1800003052,37.3750007153
663,39.2499983311,36.1458361149,40.8200001717,36.7708337307
664,39.9500012398,36.5625023842,40.4600000381,36.4583337307
665,40.2000010014,35.1041674614,40.5200004578,36.645834446
666,41.1000013351,36.8749976158,41.3200008869,36.9375002384
667,42.1000003815,38.5416686535,41.7200005054,37.2708332539
668,43.2500004768,37.6041650772,42.2399997711,37.7291667461
669,41.9499993324,38.2291674614,42.5199997425,38.3333337307
670,42.7999973297,37.3958349228,42.4099993706,38.479167223
671,42.5000011921,39.8958325386,42.1899998188,38.6666679382
672,41.5499985218,39.2708361149,42.6300001144,38.6041676998
673,42.150002718,38.5416686535,42.5900006294,38.7500011921
674,44.1500008106,37.9166662693,42.3500001431,38.2500016689
675,42.5999999046,38.1250023842,42.9200005531,38.0208349228
676,41.2999987602,37.3958349228,43.1599998474,38.4791684151
677,44.4000005722,38.1250023842,42.2299993038,38.4166681767
678,43.3499991894,40.8333361149,42.2899997234,38.4375011921
679,39.4999980927,37.6041650772,42.6100003719,39.0208339691
680,42.9000020027,38.2291674614,41.9900000095,39.5416665077
681,42.9000020027,40.3124988079,41.9400000572,39.0624988079
682,41.2999987602,40.7291650772,42.2100007534,39.5208323002
683,43.0999994278,38.4374976158,41.8300008774,39.8333323002
684,40.8500015736,39.8958325386,39.8900008202,38.3333325386
685,41.0000026226,39.7916674614,38.7300014496,37.0833325386
686,33.2000017166,32.8125,37.4600017071,36.2291657925
687,35.5000019073,34.4791650772,36.7900013924,35.1874995232
688,36.7500007153,34.1666638851,36.6300010681,34.2708325386
689,37.5,34.6875011921,37.7000010014,34.7916662693
690,40.2000010014,35.2083325386,38.2100009918,35.1666665077
691,38.5500013828,35.4166686535,38.4100008011,35.8125007153
692,38.0500018597,36.3541662693,38.5000002384,36.5000009537
693,37.7499997616,37.3958349228,38.4200000763,36.916667223
694,37.9499971867,38.1250023842,38.5599994659,37.4583339691
695,39.8000001907,37.2916638851,39.1999995708,37.6666676998
696,39.2499983311,38.1250023842,39.6399998665,37.7916669846
697,41.2500023842,37.3958349228,40.0600004196,37.7083337307
698,39.9500012398,38.0208313465,40.4500007629,37.7083337307
699,40.0499999523,37.7083361149,40.980001688,37.5208330154
700,41.7500019073,37.2916638851,40.9900009632,37.5833332539
701,41.9000029564,37.1874988079,41.2800002098,37.6250004768
702,41.2999987602,37.7083361149,41.6700005531,37.770832777
703,41.3999974728,38.2291674614,41.3400006294,38.0416667461
704,42.0000016689,38.4374976158,41.2399995327,38.3541667461
705,40.1000022888,38.6458337307,41.3699996471,38.4999990463
706,41.3999974728,38.7499988079,41.1600005627,38.2916653156
707,41.9499993324,38.4374976158,41.2699997425,38.4999990463
708,40.3500020504,37.1874988079,41.4899992943,38.395832777
709,42.5499975681,39.4791662693,41.4300000668,38.395832777
710,41.2000000477,38.1250023842,41.4600002766,38.5625004768
711,41.1000013351,38.7499988079,41.5699994564,38.5000002384
712,42.1000003815,39.2708361149,41.1800003052,38.1458342075
713,40.8999979496,36.8749976158,41.5299999714,38.0000007153
714,40.600001812,37.7083361149,41.4899992943,37.6875007153
715,42.9499983788,37.3958349228,41.479998827,37.4166667461
716,40.8999979496,37.1874988079,41.439999342,37.4791669846
717,42.049998045,37.9166662693,41.8299984932,37.458332777
718,40.7000005245,37.1874988079,41.7499983311,37.3333323002
719,42.5499975681,37.6041650772,42.1599984169,37.4374997616
720,42.5499975681,36.7708325386,42.0299983025,37.5416660309
721,42.9499983788,37.7083361149,42.6599979401,37.8125
722,41.3999974728,38.4374976158,42.3599982262,37.8750002384
723,43.8499987125,38.5416686535,42.5699985027,38.166667223
724,41.0499989986,37.9166662693,42.2499990463,37.854167223
725,43.599998951,38.2291674614,42.5699996948,37.5625014305
726,41.3500010967,36.1458361149,42.1800005436,37.2916674614
727,43.0000007153,36.9791686535,42.7600002289,37.3541676998
728,41.9000029564,37.1874988079,42.5600004196,37.4791669846
729,43.9499974251,38.2291674614,42.7300000191,37.9166662693
730,42.5999999046,38.8541638851,42.9400002956,38.2291662693
731,42.199999094,38.3333325386,43.0599999428,38.5208332539
732,44.0500020981,38.5416686535,43.0000007153,38.708332777
733,42.5000011921,38.6458337307,43.2800006866,38.5000002384
734,43.6500012875,39.1666650772,43.180000782,38.4375
735,43.9999997616,37.8125011921,43.1700003147,38.3749997616
736,41.6999995708,38.0208313465,43.3899998665,38.2291662693
737,43.9999997616,38.2291674614,43.2499992847,37.8750002384
738,43.599998951,37.9166662693,43.1499993801,37.6874995232
739,42.9499983788,37.3958349228,43.8099992275,37.6458334923
740,43.5000002384,36.8749976158,43.5499989986,37.7291667461
741,44.9999988079,37.8125011921,43.7699997425,37.5833332539
742,42.6999986172,38.6458337307,43.6600005627,37.5416660309
743,44.7000026703,37.1874988079,43.7400007248,37.5208330154
744,42.4000024796,37.1874988079,43.5800004005,37.4374997616
745,43.900001049,36.7708325386,43.6200010777,37.145832777
746,44.1999971867,37.3958349228,43.4500002861,36.9791662693
747,42.9000020027,37.1874988079,43.4000003338,36.7916667461
748,43.8499987125,36.3541662693,43.6300003529,36.9375002384
749,42.150002718,36.2500011921,43.4200012684,36.7708337307
750,45.0500011444,37.5,43.6800003052,37.1458339691
751,43.1500017643,36.5625023842,43.1900000572,37.2500002384
752,44.1999971867,39.0625,43.4399998188,37.4374997616
753,41.3999974728,36.8749976158,42.9600000381,37.4166667461
754,43.4000015259,37.1874988079,42.4800002575,37.0833325386
755,42.6500022411,37.3958349228,40.9400010109,35.9999990463
756,40.750002861,34.8958313465,41.1400020123,35.7291662693
757,36.5000009537,33.6458325386,40.2800011635,35.4999995232
758,42.4000024796,35.5208337307,39.810000658,35.3333330154
759,39.099997282,36.0416650772,40.1499998569,35.9583330154
760,40.2999997139,36.5625023842,41.5299999714,36.7916667461
761,42.4499988556,38.0208313465,41.5899991989,37.4374997616
762,43.4000015259,37.8125011921,42.4000000954,37.7708339691
763,42.6999986172,38.7499988079,42.8700006008,38.0624997616
764,43.1500017643,37.7083361149,43.2700014114,38.1041669846
765,42.6500022411,38.0208313465,43.0300009251,38.1875002384
766,44.4500029087,38.2291674614,43.3100008965,38.166667223
767,42.199999094,38.2291674614,43.4500002861,38.166667223
768,44.0999984741,38.6458337307,43.6800003052,38.0416679382
769,43.8499987125,37.7083361149,43.5500001907,38.2291674614
770,43.8000023365,37.3958349228,44.1700005531,38.4166669846
771,43.8000023365,39.1666650772,43.8600003719,38.4583330154
772,45.300000906,39.1666650772,43.9200007915,38.4374988079
773,42.5499975681,38.8541638851,44.2200005054,38.5624980927
774,44.1500008106,37.6041650772,44.129999876,38.2083320618
775,45.300000906,38.0208313465,43.8599991798,37.9583323002
776,43.3499991894,37.3958349228,44.2100000381,37.9374992847
777,43.9499974251,37.9166662693,44.2700004578,38.1041657925
778,44.3000018597,38.7499988079,44.0299999714,38.3124995232
779,44.4500029087,38.4374976158,43.9900004864,38.5624992847
780,44.0999984741,39.0625,44.1400015354,38.8749992847
781,43.1500017643,38.6458337307,43.9300012589,38.9374995232
782,44.7000026703,39.4791662693,44.0300011635,38.9583337307
783,43.2500004768,39.0625,44.390001297,39.2708337307
784,44.9500024319,38.5416686535,44.4700014591,39.5416665077
785,45.8999991417,40.625,44.4900012016,39.5000004768
786,43.5500025749,39.9999976158,44.8900008202,39.2916667461
787,44.8000013828,39.2708361149,44.7000002861,39.5833325386
788,45.2499985695,38.0208313465,44.6399998665,39.3541657925
789,43.9999997616,39.9999976158,43.9499998093,38.5208332539
790,45.5999970436,39.4791662693,42.9299998283,37.4791657925
791,40.1000022888,35.8333349228,42.7400004864,37.4791657925
792,39.7000014782,34.0624988079,41.9900000095,37.0624995232
793,44.3000018597,38.0208313465,41.7100000381,36.9374990463
794,40.2499973774,37.9166662693,42.6300001144,37.416665554
795,44.1999971867,38.8541638851,43.5800004005,38.4166657925
796,44.7000026703,38.2291674614,43.0700004101,38.4791660309
797,44.4500029087,39.0625,43.7300014496,38.6458325386
798,41.7500019073,38.3333325386,43.8000023365,38.7708330154
799,43.5500025749,38.7499988079,44.0500020981,39.1458332539
800,44.5500016212,39.4791662693,44.0600013733,39.3541669846
801,45.9500014782,40.1041686535,44.0200006962,39.5208334923
802,44.4999992847,40.1041686535,43.6600005627,39.1875004768
803,41.5499985218,39.1666650772,43.3599996567,38.75
804,41.7500019073,37.0833337307,42.9099988937,38.4375
805,43.0499970913,37.2916638851,42.9399991035,38.083332777
806,43.6999976635,38.5416686535,43.5299992561,38.3124995232
807,44.6500003338,38.3333325386,43.8799989223,38.6249995232
808,44.4999992847,40.3124988079,43.9899992943,39.0208339691
809,43.5000002384,38.6458337307,44.1100001335,39.1666674614
810,43.599998951,39.2708361149,44.090000391,39.458334446
811,44.3000018597,39.2708361149,44.3800008297,39.2291676998
812,44.5500016212,39.7916674614,44.5300006866,39.0416681767
813,45.9500014782,39.1666650772,45.1700007915,38.8541674614
814,44.2499995232,37.7083361149,45.4800009727,38.9166665077
815,46.7999994755,38.3333325386,45.5500006676,38.8333332539
816,45.8500027657,39.5833313465,45.2799999714,38.8541674614
817,44.9000000954,39.3750011921,45.4100000858,39.1666674614
818,44.5999979973,39.2708361149,41.6900002956,37.0833337307
819,44.9000000954,39.2708361149,38.4299993515,35.1666676998
820,28.2000005245,27.9166638851,35.9599995613,33.4166669846
821,29.549998045,30.0000011921,33.3000004292,32.1875
822,32.5500011444,30.6249976158,30.7700002193,30.7916665077
823,31.3000023365,33.1250011921,31.2800002098,31.875
824,32.2499990463,32.2916686535,32.0200002193,32.3749995232
825,30.7500004768,33.3333313465,31.970000267,33.0208337307
826,33.2499980927,32.4999988079,32.0599997044,33.0624997616
827,32.3000013828,33.8541686535,32.2699999809,33.1458330154
828,31.7499995232,33.3333313465,33.1499993801,33.4166669846
829,33.3000004292,32.7083349228,33.370000124,33.520834446
830,35.1499974728,34.6875011921,33.6599993706,33.479167223
831,34.350001812,33.0208361149,34.169999361,33.8125014305
832,33.7499976158,33.6458325386,34.1199994087,34.2708349228
833,34.2999994755,35.0000023842,33.9900004864,34.0000009537
834,33.0500006676,35.0000023842,33.6199998856,34.1666674614
835,34.500002861,33.3333313465,33.7800002098,34.2291676998
836,32.4999988079,33.8541686535,34.2100000381,34.2291676998
837,34.5499992371,33.9583337307,34.6500003338,33.5000002384
838,36.4499986172,35.0000023842,34.509999752,33.5416674614
839,35.2500021458,31.3541650772,35.0300002098,33.8958334923
840,33.7999999523,33.5416674614,34.7699999809,33.8125002384
841,35.1000010967,35.6249988079,34.279999733,33.708332777
842,33.2499980927,33.5416674614,34.0099990368,34.2708325386
843,33.9999973774,34.4791650772,34.0399992466,34.333332777
844,33.8999986649,34.1666638851,33.7599992752,34.2499995232
845,33.9500010014,33.8541686535,33.9999997616,34.5624995232
846,33.7000012398,35.2083325386,34.0499997139,34.5208334923
847,34.4500005245,35.1041674614,34.279999733,34.8750007153
848,34.249997139,34.2708349228,34.3599998951,35.1458334923
849,35.0499987602,35.9375,34.8599994183,35.3125
850,34.350001812,35.2083325386,35.1399993896,35.4166662693
851,36.1999988556,36.0416650772,35.3600001335,35.5624997616
852,35.8500003815,35.6249988079,35.2600002289,35.583332777
853,35.3500008583,35.0000023842,35.3900003433,35.7083332539
854,34.5499992371,36.0416650772,35.3100001812,35.8333337307
855,35.0000023842,35.8333349228,35.2700006962,35.6041669846
856,35.799998045,36.6666674614,35.4100000858,35.8541667461
857,35.6500029564,34.4791650772,35.7500004768,35.8125007153
858,36.0499978065,36.2500011921,36.2199997902,35.9375
859,36.2500011921,35.8333349228,35.9600007534,35.6458330154
860,37.349998951,36.4583313465,36.1899995804,35.625
861,34.500002861,35.2083325386,36.629999876,35.5208325386
862,36.7999970913,34.375,36.3099992275,35.4999983311
863,38.2499992847,35.7291638851,36.0399997234,35.3749990463
864,34.6499979496,35.7291638851,36.3799989223,35.583332777
865,36.0000014305,35.8333349228,36.1199998856,35.9375
866,36.1999988556,36.2500011921,35.6599998474,35.8958339691
867,35.5000019073,36.1458361149,35.7700002193,35.5416679382
868,35.949999094,35.5208337307,35.6499993801,35.3125011921
869,35.1999998093,33.9583337307,35.529999733,35.3125011921
870,35.3999972343,34.6875011921,35.8599996567,35.0000011921
871,35.6000006199,36.2500011921,35.8500003815,34.9375009537
872,37.1500015259,34.5833361149,35.9100008011,35.3333342075
873,35.900002718,35.2083325386,36.0800015926,35.666667223
874,35.5000019073,35.9375,36.5600013733,35.5000007153
875,36.2500011921,36.3541662693,36.7000007629,35.6875002384
876,37.9999995232,35.4166686535,36.740000248,35.9375
877,37.8499984741,35.5208337307,37.1099996567,35.895832777
878,36.1000001431,36.4583313465,36.9599997997,35.8749997616
879,37.349998951,35.7291638851,36.7100000381,35.9791660309
880,35.5000019073,36.2500011921,36.3900005817,35.9583330154
881,36.7500007153,35.9375,36.5200006962,35.7291662693
882,36.2500011921,35.4166686535,36.4600014687,35.8125007153
883,36.7500007153,35.3124976158,36.550000906,35.8541667461
884,37.0500028133,36.1458361149,36.4400005341,35.7291662693
885,35.949999094,36.4583313465,36.6000008583,35.9374988079
886,36.1999988556,35.3124976158,36.7800009251,35.9999990463
887,37.0500028133,36.4583313465,36.9200003147,36.0416650772
888,37.650001049,35.6249988079,37.1500003338,36.1249983311
889,37.7499997616,36.3541662693,37.460000515,36.0624992847
890,37.0999991894,36.8749976158,37.840000391,36.1041665077
891,37.7499997616,35.0000023842,37.8299999237,36.0833334923
892,38.9500021935,36.6666674614,37.9799997807,35.8958339691
893,37.5999987125,35.5208337307,37.9999995232,35.7291674614
894,38.4999990463,35.4166686535,38.1299996376,35.979167223
895,37.1999979019,36.0416650772,37.9399991035,35.5416667461
896,38.4000003338,36.2500011921,37.9399991035,35.6875002384
897,37.9999995232,34.4791650772,37.8399991989,35.6875002384
898,37.5999987125,36.2500011921,37.9100000858,35.7291674614
899,37.9999995232,35.4166686535,37.8499996662,35.5000007153
900,37.5500023365,36.2500011921,37.6800000668,35.8958339691
901,38.0999982357,35.1041674614,37.6499998569,35.979167223
902,37.1500015259,36.4583313465,37.5899994373,36.3125002384
903,37.4499976635,36.6666674614,37.729998827,36.4374995232
904,37.6999974251,37.0833337307,37.7499997616,36.6666662693
905,38.2499992847,36.8749976158,37.7300000191,36.5625
906,38.2000029087,36.2500011921,37.7700006962,36.6041660309
907,37.0500028133,35.9375,38.1900012493,36.479165554
908,37.650001049,36.8749976158,38.1300008297,36.166665554
909,39.8000001907,36.4583313465,38.3899998665,36.2708318233
910,37.9499971867,35.3124976158,38.7099993229,36.3333320618
911,39.4999980927,36.7708325386,38.9599990845,36.1249995232
912,38.6500000954,36.2500011921,38.789999485,36.25
913,38.8999998569,35.8333349228,39.2200005054,36.5208339691
914,38.9500021935,37.0833337307,39.1500008106,36.5000009537
915,40.1000022888,36.6666674614,38.7700009346,36.3750004768
916,39.1499996185,36.6666674614,38.6900007725,36.4791667461
917,36.7500007153,35.6249988079,38.7199997902,36.1666667461
918,38.4999990463,36.3541662693,38.5399997234,36.0000002384
919,39.099997282,35.5208337307,38.4899997711,35.9375
920,39.200001955,35.8333349228,38.8300001621,36.0833334923
921,38.8999998569,36.3541662693,39.1700005531,35.9583330154
922,38.4500026703,36.3541662693,39.1100013256,36.1249995232
923,40.2000010014,35.7291638851,39.0700006485,36.3124990463
924,38.8000011444,36.3541662693,38.8000011444,36.4583325386
925,38.9999985695,36.7708325386,38.9800000191,36.7499995232
926,37.5500023365,37.0833337307,38.7999999523,36.875
927,39.3499970436,37.8125011921,38.7800002098,36.7499995232
928,39.3000006676,36.3541662693,38.8800001144,36.3749992847
929,38.7000024319,35.7291638851,39.0999996662,36.2499988079
930,39.4999980927,34.8958313465,39.090000391,35.7708323002
931,38.6500000954,36.4583313465,39.0499997139,35.7083320618
932,39.3000006676,35.4166686535,39.169999361,35.854165554
933,39.099997282,36.0416650772,39.2100000381,35.9999990463
934,39.3000006676,36.4583313465,39.509999752,35.8333325386
935,39.7000014782,35.6249988079,39.7499990463,36.0416650772
936,40.1499986649,35.6249988079,40.2999997139,36.0833323002
937,40.499997139,36.4583313465,40.1699995995,36.0624992847
938,41.8500006199,36.2500011921,39.8099994659,36.0416662693
939,38.6500000954,36.3541662693,39.5399999619,36.3333332539
940,37.9000008106,35.5208337307,39.3500006199,36.2708342075
941,38.8000011444,37.0833337307,38.8900005817,36.3958334923
942,39.5500004292,36.1458361149,38.8000011444,36.5625
943,39.5500004292,36.8749976158,39.1900014877,37.1041667461
944,38.2000029087,37.1874988079,39.4900012016,37.229167223
945,39.8500025272,38.2291674614,39.5300006866,37.5625002384
946,40.2999997139,37.7083361149,39.6500003338,37.5625002384
947,39.7499978542,37.8125011921,39.8500001431,37.2916674614
948,40.1499986649,36.8749976158,39.8899996281,36.8958342075
949,39.200001955,35.8333349228,39.8500001431,36.3333332539
950,40.0499999523,36.2500011921,39.5700001717,35.5208325386
951,40.1000022888,34.8958313465,39.7100007534,35.0208330154
952,38.3499979973,33.7499976158,40.0900006294,34.8749995232
953,40.8500015736,34.375,40.1400005817,34.6874988079
954,41.1000013351,35.1041674614,39.8199999332,34.8958325386
955,40.2999997139,35.3124976158,40.0900006294,35.5624997616
956,38.4999990463,35.9375,39.810000658,35.9583330154
957,39.7000014782,37.0833337307,39.810000658,36.2708330154
958,39.4500017166,36.3541662693,39.7000002861,36.2083339691
959,41.1000013351,36.6666674614,39.7800004482,36.0833334923
960,39.7499978542,35.0000023842,40.3200006485,35.7083332539
961,38.8999998569,35.3124976158,40.2400004864,35.7083332539
962,42.4000024796,35.2083325386,39.8699998856,35.8749997616
963,39.050000906,36.3541662693,40.0400006771,36.3749992847
964,39.2499983311,37.5,40.1900005341,36.3333332539
965,40.600001812,37.5,39.6500003338,36.8124997616
966,39.6499991417,35.1041674614,39.7399997711,36.7708337307
967,39.7000014782,37.6041650772,40.0999999046,36.6666674614
968,39.4999980927,36.1458361149,40.4899990559,36.7291676998
969,41.0499989986,36.9791686535,40.5899989605,37.2916674614
970,42.5499975681,37.8125011921,40.8099985123,37.2500014305
971,40.1499986649,37.9166662693,41.099998951,37.4166679382
972,40.7999992371,37.3958349228,41.0699987411,37.541667223
973,40.9500002861,36.9791686535,40.7699990273,37.3750007153
974,40.8999979496,37.6041650772,40.7299995422,37.229167223
975,41.0499989986,36.9791686535,41.0000002384,36.8124997616
976,39.9500012398,37.1874988079,41.3800001144,36.9583332539
977,42.150002718,35.3124976158,41.1000001431,37.229167223
978,42.8499996662,37.7083361149,40.1200008392,36.7500007153
979,39.4999980927,38.9583349228,40.0400006771,36.5625011921
980,36.1500024796,34.5833361149,39.4000005722,36.7500019073
981,39.5500004292,36.2500011921,38.5800004005,36.6041684151
982,38.9500021935,36.2500011921,38.4800004959,36.1875009537
983,38.7499988079,36.9791686535,39.5799994469,36.5208339691
984,38.9999985695,36.8749976158,39.7999989986,36.7291665077
985,41.6499972343,36.2500011921,39.9299991131,36.7916667461
986,40.649998188,37.2916638851,40.6099998951,36.7291665077
987,39.6000027657,36.5625023842,41.0000002384,36.8333339691
988,42.150002718,36.6666674614,40.6500005722,37.2083342075
989,40.9500002861,37.3958349228,40.5500006676,36.9375014305
990,39.8999989033,38.1250023842,40.6500005722,37.0833337307
991,40.1499986649,35.9375,39.9800002575,37.0000004768
992,40.1000022888,37.2916638851,40.2400004864,37.0000004768
993,38.8000011444,36.2500011921,40.5500006676,36.8958330154
994,42.2500014305,37.3958349228,40.7000005245,37.3541665077
995,41.4499998093,37.6041650772,40.7000005245,37.4375009537
996,40.8999979496,38.2291674614,41.2699997425,37.4791669846
997,40.1000022888,37.7083361149,40.9700000286,37.4374997616
998,41.6499972343,36.4583313465,41.0199999809,37.2708332539
999,40.750002861,37.1874988079,41.0199999809,37.2708332539
1000,41.6999995708,36.7708325386,41.0199999809,37.2708332539
